url,description,name,Herkunftsland,Anbauregion,Weingut,Marke,Produktkategorie,Qualitätsstufe,Cuvee,Jahrgang,Geschmacksrichtung,Farbnuance,Flaschengröße,Alkoholgehalt,Restzucker,Säure,Trinktemperatur,Passende Speisen,Hinweis auf Allergene,Hersteller,OpenAI-text-davinci-003(verspielt),AlephAlpha-text-davinci-003(verspielt),Instructions,Prompt,OpenAI-text-davinci-003(freundlich),AlephAlpha-text-davinci-003(freundlich),OpenAI-text-davinci-003(professionell),AlephAlpha-text-davinci-003(professionell),OpenAI-text-davinci-003(dramatisch),AlephAlpha-text-davinci-003(dramatisch)
https://www.vindor.de/piedemonte-gamma-blanco-do-navarra,"Glänzende strohgelbe Farbe. Im Bukett saubere und natürliche Aromen, erinnernd an den Duft der Trauben am Rebstock mit einigen Anklängen an Zitrusfrüchte. Im Mund frisch und rund mit Röstnoten und Anklängen an Zitrusfrüchte.","Piedemonte, Gamma Blanco, DO Navarra",Spanien,Navarra,Bodegas Piedemonte,Piedemonte,Weißwein,D.O.,"Chardonnay, Moscatel, Viura",2022,trocken,strohgelb,"0,75 l","12,5 %","2,4 g/l","5,0 g/l",8-10 °C,"Sehr gut zu allen Arten von Fisch, Schweinefleisch und Geflügel, Paellas und Nudelgerichten",enthält Sulfite,"Bodegas Piedemonte, Rua Romana, 0 - ES 31390 Olite, Navarra, Spanien","
Der Piedemonte Gamma Blanco aus dem spanischen Anbaugebiet Navarra ist ein wunderbarer trockener Weißwein, der von Bodegas Piedemonte hergestellt wird. Seine strohgelbe Farbnuance, die durch die Cuvee aus Chardonnay, Moscatel und Viura entsteht, ist ein wahrer Augenschmaus. Der Alkoholgehalt von 12,5 % und der Restzuckergehalt von 2,4 g/l kombiniert mit einer Säure von 5,0 g/l machen den Piedemonte Gamma Blanco zu einem würzigen, aber dennoch sanften Geschmackserlebnis.

Seine Aromen und Düfte erinnern an Zitrusfrüchte, Honig und Pfirsich. Ein leichter Hauch von Vanille und Muskatnuss rundet den Geschmack ab. Geniessen Sie den Piedemonte Gamma Blanco am besten bei einer Trinktemperatur von 8-10 °C. Er passt hervorragend zu allen Arten von Fisch, Schweinefleisch und Geflügel, Paellas und Nudelgerichten.

Ein wahrer Genuss für jeden Weinliebhaber! Der Piedemonte Gamma Blanco ist ein D.O.-Wein und enthält Sulfite. Genießen Sie ihn in einer 0,75 l Flasche."," Der Wein ""Piedemonte Gamma Blanco"" ist ein trockener Weißwein aus der DO Navarra, Spanien. Er wird aus den Rebsorten Chardonnay, Moscatel und Viura hergestellt. Dieser Wein hat ein helles Strohgelb und einen frischen und fruchtigen Duft mit Noten von tropischen Früchten und Zitrusschalen.

Am Gaumen ist er knackig und frisch mit einer subtilen Süße, die mit seiner knackigen Säure und seinen mineralischen Noten harmoniert. Er passt gut zu allen Arten von Fisch, Schweinefleisch und Geflügel, Paellas und Nudelgerichten.

Der ""Piedemonte Gamma Blanco"" ist ein hervorragender Begleiter für jede Gelegenheit und wird Sie mit seinem frischen und fruchtigen Geschmack begeistern.",Du bist ein Experte für Wein und sollst eine Beschreibung für Wein erstellen. Formuliere den Text verspielt. Die Beschreibung wird in einem Onlineshop genutzt. Die Beschreibung soll nicht länger als 200 Wörter sein. Es sollen nur eine Auswahl der passenden Speisen vorkommen. Nehme die Aromen und Düfte mit in die Beschreibung auf. Hier sind die Informationen zu dem Wein:,"name: Piedemonte, Gamma Blanco, DO Navarra,
Herkunftsland: Spanien,
Anbauregion: Navarra,
Weingut: Bodegas Piedemonte,
Marke: Piedemonte,
Produktkategorie: Weißwein,
Qualitätsstufe: D.O.,
Cuvee: Chardonnay, Moscatel, Viura,
Jahrgang: 2022,
Geschmacksrichtung: trocken,
Farbnuance: strohgelb,
Flaschengröße: 0,75 l,
Alkoholgehalt: 12,5 %,
Restzucker: 2,4 g/l,
Säure: 5,0 g/l,
Trinktemperatur: 8-10 °C,
Passende Speisen: Sehr gut zu allen Arten von Fisch, Schweinefleisch und Geflügel, Paellas und Nudelgerichten,
Hinweis auf Allergene: enthält Sulfite,
Hersteller: Bodegas Piedemonte, Rua Romana, 0 - ES 31390 Olite, Navarra, Spanien,
","
Der Piedemonte Gamma Blanco ist ein fröhlicher und lebendiger Wein aus der D.O. Navarra in Spanien. Seine hellstrohgelbe Farbe verleiht ihm eine lebendige Frische und einladende Optik. Sein ausgewogener Geschmack wird durch seine 12,5% Alkoholgehalt und 2,4g/l Restzucker unterstützt. Er verfügt über eine angenehme Säure von 5,0g/l und ein wunderbares Bouquet aus Aromen und Düften von reifen Früchten, Zitrusnoten und Blüten.

Genießen Sie den Piedemonte Gamma Blanco am besten bei einer Temperatur von 8-10°C. Er passt besonders gut zu Fisch, Schweinefleisch, Geflügel, Paellas und Nudelgerichten. Verwöhnen Sie Ihre Gäste mit diesem erfrischenden und verspielten Wein und erleben Sie einen unvergesslichen Abend."," Der Wein hat einen trockenen, knackigen Geschmack mit fruchtigen und blumigen Aromen. Sein Duft erinnert an Aprikosen, Pfirsiche und Zitronen, mit einem Hauch von Blumen. Die Süße ist harmonisch und passt zu allen Arten von Fisch, Schweinefleisch und Geflügel, Paellas und Nudelgerichten.","
Der Piedemonte Gamma Blanco aus der DO Navarra ist ein wunderbarer trockener Weißwein, der vom Weingut Bodegas Piedemonte produziert wird. Seine strohgelbe Farbnuance und sein lebendiger Charakter machen diesen Wein zu einem besonderen Genuss. Seine fruchtigen Aromen und Düfte von Chardonnay, Moscatel und Viura machen den Geschmack abgerundet und einzigartig. Mit einem Alkoholgehalt von 12,5 % und einem Restzucker von 2,4 g/l ist er die perfekte Ergänzung zu Fisch, Geflügel, Schweinefleisch, Paellas und Nudelgerichten. Genießen Sie diesen Wein bei einer Temperatur von 8-10 °C und lassen Sie sich verzaubern. Allerdings enthält der Wein Sulfite, bitte beachten Sie dies, wenn Sie allergisch sind."," Das Weingut Piedemonte stellt einen Weißwein namens Gamma Blanco her. Dieser Wein hat einen trockenen Geschmack und passt zu allen Arten von Fisch, Schweinefleisch und Geflügel, Paellas und Nudelgerichten. Er hat einen strohgelben Farbton und einen Alkoholgehalt von 12,5 %. Der Restzuckergehalt beträgt 2,4 g/l und die Säure 5,0 g/l. Dieser Wein enthält Sulfite.","
Der Piedemonte Gamma Blanco ist ein exquisiter Weißwein aus der herrlichen D.O. Navarra in Spanien. Dieser Wein wurde aus den Cuvees Chardonnay, Moscatel und Viura hergestellt und hat einen Jahrgang von 2022.

Er präsentiert sich in einer strohgelben Farbnuance und einem Alkoholgehalt von 12,5 %. Der Piedemonte Gamma Blanco ist ein trockener Wein mit einem Restzuckergehalt von 2,4 g/l und einer Säure von 5,0 g/l. Die ideale Trinktemperatur liegt bei 8-10 °C.

Er duftet nach Aromen von tropischen Früchten und weißen Blüten. Am Gaumen entfaltet er einen harmonischen Geschmack mit einer leichten Süße und einer frischen Säure.

Der Piedemonte Gamma Blanco eignet sich sehr gut zu allen Arten von Fisch, Schweinefleisch, Geflügel, Paellas und Nudelgerichten. Genießen Sie diesen Wein und lassen Sie sich von seinem einzigartigen Geschmack verzaubern. 
Achtung: Enthält Sulfite."," ## Weinbeschreibung

Dieser Weißwein aus Navarra, Spanien, ist ein wahres Geschmacksfeuerwerk von tropischen Früchten und Zitrusfrüchten. Sein frischer und trockener Geschmack wird durch die Aromen von Ananas, Mango, Grapefruit und Zitrone unterstrichen. Dieser Weißwein passt perfekt zu allen Arten von Fisch, Schweinefleisch und Geflügel, zu Paellas und Nudelgerichten. Er ist ein großartiger Begleiter für jeden Anlass.

### Die Weinherstellung

Die Chardonnay-, Moscatel- und Viura-Trauben werden in den Weinbergen von Navarra, Spanien, von Hand gelesen. Die Trauben werden sanft gepresst und dann bei kontrollierter Temperatur vergoren.

### Der Geschmack

Dieser Weißwein hat einen frischen und trockenen Geschmack mit Aromen von tropischen Früchten und Zitrusfrüchten. Die Aromen von Ananas, Mango, Grapefruit und Zitrone sind deutlich wahrnehmbar.

### Der Abgang

Am Gaumen ist dieser Weißwein knackig und frisch mit einem langen und angenehmen Abgang.

### Die Trinktemperatur

Dieser Weißwein schmeckt am besten bei einer Temperatur von 8-10 °C.

### Die empfohlene Trinkzeit

Dieser Weißwein ist bis zum Jahr 2023 haltbar.

### Die passenden Speisen

Dieser Weißwein passt perfekt zu allen Arten von Fisch, Schweinefleisch und Geflügel, zu Paellas und Nudelgerichten.

### Die Hersteller

Dieser Weißwein wurde von Bodegas Piedemonte, Rua Romana, 0 - ES 31390 Olite, Navarra, Spanien, hergestellt."