url,description,name,Herkunftsland,Region,Anbauregion,Rebsorte,Weingut,Marke,Produktkategorie,Qualitätsstufe,Cuvee,Jahrgang,Geschmacksrichtung,Farbnuance,Flaschengröße,Alkoholgehalt,Restzucker,Säure,Trinktemperatur,Passende Speisen,Hinweis auf Allergene,Hersteller,AlephAlpha-text-davinci-003(verspielt),AlephAlpha-text-davinci-003(professionell),Instructions,Prompt
https://www.vindor.de/stairs-n-roses-struwwelpitter-qba-mosel,"Wild wie die junge Liebe – so präsentiert sich dieses spritzig-fruchtige trockene Cuvée „von wilden Reben“. Die Grundlage des Struwwelpitters bilden ausschließlich gesunde, spät gelesene, kleine, aromatische Trauben aus anti-autoritär erzogenen Struwwel-Reben der Sorten Riesling, Müller-Thurgau, Cabernet blanc und Sauvignac. Dank seines moderaten Alkoholgehaltes erlaubt der Stairs n’ Roses „Struwwelpitter“ Wein-Genuss ohne Reue!   Das gefällt auch einem der führenden Weinblogs  Captain Cork . Der Käptn meint: ""...ein preiswerter Moselwein, der aus der Klimaforschung kommt und umwerfend schmeckt.""","Stairs n' Roses, ""Struwwelpitter"", QbA Mosel",Deutschland,Mosel,Mosel,"Cabernet Blanc,                                                                                                                                                                                 Sauvignac,                                                                                                                                                                                 Müller-Thurgau,                                                                                                                                                                                 Riesling",Stairs n' Roses,Stairs n' Roses,Weißwein,QbA,"60% Riesling, 30% Müller-Thurgau, 5% Sauvignac, 5% Cabernet blanc",2020,trocken,helles Gelb mit grünlichen Reflexen,"0,75 l","10,5 %","5,2 g/l","6,9 g/l",8-10 °C,"leichte Speisen, weißer Fisch mit Zitrone, Salate",enthält Sulfite,"Stairs n' Roses, Julia Molitor-Justen und Dr. Daniel Molitor, In den Viermorgen 8, 54538 Kinheim"," Der Stairs n' Roses ""Struwwelpitter"", QbA Mosel, Sauvignon Blanc, Müller-Thurgau, Riesling, 2020, trocken, ist ein eleganter Weißwein, der für leichte Speisen, weißem Fisch mit Zitrone, Salate und alle Arten von leichten Gerichten geeignet ist. Sein frischer und knackiger Geschmack mit Noten von Zitrusfrüchten, grünem Apfel und einem Hauch von Salz ist ein Genuss für alle Sinne. Seine leichte Säure und sein erfrischender Abgang machen ihn zu einem idealen Begleiter für jede Mahlzeit."," Stairs n' Roses, ""Struwwelpitter"", QbA Mosel,
Wein aus Deutschland,
Region: Mosel,
Rebsorte: Cabernet Blanc, Sauvignac, Müller-Thurgau, Riesling,
Weinbau: Stairs n' Roses,
Marke: Stairs n' Roses,
Produktkategorie: Weißwein,
Qualitätsstufe: QbA,
Cuvee: 60% Riesling, 30% Müller-Thurgau, 5% Sauvignac, 5% Cabernet blanc,
Jahrgang: 2020,
Geschmacksrichtung: trocken,
Farbe: helles Gelb mit grünlichen Reflexen,
Passende Speisen: leichte Speisen, weißer Fisch mit Zitrone, Salate,
Hinweis auf Allergene: enthält Sulfite,
Hersteller: Stairs n' Roses, Julia Molitor-Justen und Dr. Daniel Molitor, In den Viermorgen 8, 54538 Kinheim",Du bist ein Experte für Wein und sollst eine Beschreibung für Wein erstellen. Formuliere den Text verspielt. Die Beschreibung wird in einem Onlineshop genutzt. Die Beschreibung soll nicht länger als 200 Wörter sein. Es sollen nur eine Auswahl der passenden Speisen vorkommen. Nehme die Aromen und Düfte mit in die Beschreibung auf. Hier sind die Informationen zu dem Wein:,"name: Stairs n' Roses, ""Struwwelpitter"", QbA Mosel,
Herkunftsland: Deutschland,
Region: Mosel,
Anbauregion: Mosel,
Rebsorte: Cabernet Blanc,                                                                                                                                                                                 Sauvignac,                                                                                                                                                                                 Müller-Thurgau,                                                                                                                                                                                 Riesling,
Weingut: Stairs n' Roses,
Marke: Stairs n' Roses,
Produktkategorie: Weißwein,
Qualitätsstufe: QbA,
Cuvee: 60% Riesling, 30% Müller-Thurgau, 5% Sauvignac, 5% Cabernet blanc,
Jahrgang: 2020,
Geschmacksrichtung: trocken,
Farbnuance: helles Gelb mit grünlichen Reflexen,
Passende Speisen: leichte Speisen, weißer Fisch mit Zitrone, Salate,
Hinweis auf Allergene: enthält Sulfite,
Hersteller: Stairs n' Roses, Julia Molitor-Justen und Dr. Daniel Molitor, In den Viermorgen 8, 54538 Kinheim,
"
https://www.vindor.de/stairs-n-roses-stairs-n-roses-riesling-feinherb-qba-mosel,Hochzeit der Weinlagen: Mit der Hochzeit des jungen Winzerpaares treffen sich die Frische und Eleganz aus dem Erdener Treppchen (die Braut) und die Fruchtigkeit und Komplexität aus dem Kinheimer Rosenberg (der Bräutigam) – den Spitzen-Steillagen der Winzer-Familien von Julia Molitor-Justen (Weingut Meulenhof) und Dr. Daniel Molitor (Weingut Viermorgenhof). „Let’s rock“ mit Stairs n’ Roses!,"Stairs n' Roses, Stairs n' Roses Riesling feinherb, QbA Mosel",Deutschland,Mosel,Mosel,Riesling,Stairs n' Roses,Stairs n' Roses,Weißwein,QbA,,2021,feinherb,gelb,"0,75 l","11,5 %","23,8 g/l","8,2 g/l",8-12 °C,"Asiatische Speisen, fruchtige Desserts",enthält Sulfite,"Stairs n' Roses, Julia Molitor-Justen und Dr. Daniel Molitor, In den Viermorgen 8, 54538 Kinheim"," Stairs 'n' Roses Riesling feinherb ist ein erfrischender, süßer Weißwein mit einem fruchtigen Aroma und einer leichten Süße. Er passt perfekt zu asiatischen Gerichten, fruchtigen Desserts und anderen leichten Speisen. Sein Aroma und sein Geschmack erinnern an reife Pfirsiche, Zitrusfrüchte und einen Hauch von Honig."," Die Trauben für diesen Riesling stammen aus den Weinbergen des Weinguts Stairs n' Roses in der Mosel. Die Trauben wurden nach der Weinlese handverlesen und in Eichenfässern vergoren. Der Wein wurde von Julia Molitor-Just und Dr. Daniel Molitor hergestellt und ist eine Cuvee aus feinherbem Riesling, der mit fruchtigen Desserts und asiatischen Speisen harmoniert.",Du bist ein Experte für Wein und sollst eine Beschreibung für Wein erstellen. Formuliere den Text verspielt. Die Beschreibung wird in einem Onlineshop genutzt. Die Beschreibung soll nicht länger als 200 Wörter sein. Es sollen nur eine Auswahl der passenden Speisen vorkommen. Nehme die Aromen und Düfte mit in die Beschreibung auf. Hier sind die Informationen zu dem Wein:,"name: Stairs n' Roses, Stairs n' Roses Riesling feinherb, QbA Mosel,
Herkunftsland: Deutschland,
Region: Mosel,
Anbauregion: Mosel,
Rebsorte: Riesling,
Weingut: Stairs n' Roses,
Marke: Stairs n' Roses,
Produktkategorie: Weißwein,
Qualitätsstufe: QbA,
Cuvee: ,
Jahrgang: 2021,
Geschmacksrichtung: feinherb,
Farbnuance: gelb,
Passende Speisen: Asiatische Speisen, fruchtige Desserts,
Hinweis auf Allergene: enthält Sulfite,
Hersteller: Stairs n' Roses, Julia Molitor-Justen und Dr. Daniel Molitor, In den Viermorgen 8, 54538 Kinheim,
"
https://www.vindor.de/2020-stairs-n-roses-sweetest-devotion,"Die unermütliche Hingabe in den steilsten Spitzenweinbergen des Viermorgenhofs zahlt sich aus: Hochreife Rieslingtrauben gepaart mit beginnender Edelfäule – ideales Lesegut für eine Mosel-typische Auslese oder Beerenauslese. Oder: perfektes Ausgangsmaterial für ein Stairs n’ Roses-Experiment: Sweetest devotion – unser edelsüßer, hingebungsvoller Perlwein der ganz besonderen Art!","2020 Stairs n' Roses ""Sweetest Devotion""",Deutschland,,Mosel,Riesling,Stairs n' Roses,Stairs n' Roses,Perlwein,Qualitätsperlwein,,2020,edelsüß,gelb,"0,75 l",7 %,106 g/l,8 g/l,5-10 °C,,enthält Sulfite,"Stairs n' Roses, Julia Molitor-Justen und Dr. Daniel Molitor, In den Viermorgen 8, 54538 Kinheim"," Der Wein 2020 Stairs n' Roses ""Sweetest Devotion"" ist ein Perlwein aus Deutschland, der auf den Rebsorten Riesling und Müller-Thurgau basiert. Er wurde in der Moselregion angebaut und im Weingut Stairs n' Roses in Kinheim produziert. Der Wein ist ein edelsüßes Cuvée, das im Jahr 2020 hergestellt wurde. Er hat einen leuchtend gelben Farbton und ist mit Aromen von Pfirsich, Aprikose, Vanille und Zitrusfrüchten gefüllt. Sein Geschmack ist voll und cremig, mit einem süßen Nachgeschmack. Er ist ideal für die Kombination mit Speisen, die einen süßen und fruchtigen Geschmack haben, wie z. B. , oder .", Dieser Perlwein ist ein süßer Riesling mit Aromen von Pfirsich und Aprikose. Er ist vollmundig und hat einen süßen Abgang. Er passt perfekt zu Desserts und leichten Gerichten.,Du bist ein Experte für Wein und sollst eine Beschreibung für Wein erstellen. Formuliere den Text verspielt. Die Beschreibung wird in einem Onlineshop genutzt. Die Beschreibung soll nicht länger als 200 Wörter sein. Es sollen nur eine Auswahl der passenden Speisen vorkommen. Nehme die Aromen und Düfte mit in die Beschreibung auf. Hier sind die Informationen zu dem Wein:,"name: 2020 Stairs n' Roses ""Sweetest Devotion"",
Herkunftsland: Deutschland,
Region: ,
Anbauregion: Mosel,
Rebsorte: Riesling,
Weingut: Stairs n' Roses,
Marke: Stairs n' Roses,
Produktkategorie: Perlwein,
Qualitätsstufe: Qualitätsperlwein,
Cuvee: ,
Jahrgang: 2020,
Geschmacksrichtung: edelsüß,
Farbnuance: gelb,
Passende Speisen: ,
Hinweis auf Allergene: enthält Sulfite,
Hersteller: Stairs n' Roses, Julia Molitor-Justen und Dr. Daniel Molitor, In den Viermorgen 8, 54538 Kinheim,
"
https://www.vindor.de/2020-stairs-n-roses-sweet-child,Süßer Nachwuchs in der Stairs n’ Roses Familie: Die Handarbeit im steilen Stairs n’ Roses Weinberg in der Lösnicher Försterlay trägt süße Früchte. Julia Molitor-Justen und Dr. Daniel Molitor ernten ihren gemeinsamen Weinberg bewusst im Zustand der perfekten Süße-Säure-Balance und kitzeln so die besondere Mineralik und Frucht des Moselschiefers heraus. Mosel-typisch wird die spontane Gärung mit etwas mehr natürlicher Restsüße beendet – ein süßer Traum wird wahr!,"2020 Stairs n' Roses ""Sweet Child""",Deutschland,,Mosel,Riesling,Stairs n' Roses,Stairs n' Roses,Weißwein,Kabinett,,2020,fruchtsüß,gelb,"0,75 l",9 %,"52,8 g/l","7,9 g/l",8-12 °C,"Asiatische Speisen, fruchtige Desserts",enthält Sulfite,"Stairs n' Roses, Julia Molitor-Justen und Dr. Daniel Molitor, In den Viermorgen 8, 54538 Kinheim"," Der 2020 Stairs n' Roses ""Sweet Child"" ist ein süßer Weißwein mit fruchtigen Noten von Aprikose, Pfirsich und Mango. Er ist vollmundig und mit Aromen von Zitrusfrüchten und einem Hauch von Ingwer. Der Wein passt perfekt zu asiatischen Speisen wie gebratenem Gemüse, fruchtigen Desserts und Pfirsich-Mango-Sorbet."," Sicher, hier ist Ihre Beschreibung:
 ""Ein süßer Riesling, der mit fruchtigen Aromen von Pfirsich, Aprikose und Orange blüht. Am Gaumen zeigt er sich cremig und vollmundig mit einem Hauch von Süße und einem süßen Abgang. Dieser Wein passt perfekt zu asiatischen Gerichten, fruchtigen Desserts und ist ein großartiger Begleiter zu vielen Anlässen.""",Du bist ein Experte für Wein und sollst eine Beschreibung für Wein erstellen. Formuliere den Text verspielt. Die Beschreibung wird in einem Onlineshop genutzt. Die Beschreibung soll nicht länger als 200 Wörter sein. Es sollen nur eine Auswahl der passenden Speisen vorkommen. Nehme die Aromen und Düfte mit in die Beschreibung auf. Hier sind die Informationen zu dem Wein:,"name: 2020 Stairs n' Roses ""Sweet Child"",
Herkunftsland: Deutschland,
Region: ,
Anbauregion: Mosel,
Rebsorte: Riesling,
Weingut: Stairs n' Roses,
Marke: Stairs n' Roses,
Produktkategorie: Weißwein,
Qualitätsstufe: Kabinett,
Cuvee: ,
Jahrgang: 2020,
Geschmacksrichtung: fruchtsüß,
Farbnuance: gelb,
Passende Speisen: Asiatische Speisen, fruchtige Desserts,
Hinweis auf Allergene: enthält Sulfite,
Hersteller: Stairs n' Roses, Julia Molitor-Justen und Dr. Daniel Molitor, In den Viermorgen 8, 54538 Kinheim,
"
https://www.vindor.de/2019-stairs-n-roses-red-lion,Der Spitzen-Jahrgang 2019 bescherte uns einen ganz besonderen Fang: perfekte Pinot noir-Trauben aus der Schiefer-Steillage mit hoher Reife und ausgeprägter Aromen-Komplexität. Durch 18-monatige Reifung im gebrauchten Barrique wurde der wilde Jungwein gezähmt und abgerundet. Im Glas erwartet Sie ein fruchtig-intensiver König der Rotweine.,"2019 Stairs n' Roses ""Red Lion""",Deutschland,Mosel,Mosel,Pinot Noir,Stairs n' Roses,Stairs n' Roses,Rotwein,QbA,,2019,trocken,kaminrot,"0,75 l","12,5 %","0,5 g/l","5,1 g/l",14-16 °C,"hochwertige, vollmundige Speisen",enthält Sulfite,"Stairs n' Roses, Julia Molitor-Justen und Dr. Daniel Molitor, In den Viermorgen 8, 54538 Kinheim"," Der 2019 Stairs n' Roses ""Red Lion"" ist ein charaktervoller, trockener Rotwein mit einem Hauch von Süße, der mit einer Vielzahl hochwertiger, vollmundiger Speisen harmoniert. Er hat ein tiefes, intensives Rubinrot mit Aromen von Brombeeren, Kirschen und Waldbeeren. Sein Geschmack ist voll und kräftig mit einer leichten Süße, die ihm eine angenehme Frische verleiht. Er ist ein idealer Begleiter für schmackhafte Gerichte wie Lammkeule, Truthahn, Steak und Pasta."," Der 2019 Stairs n' Roses ""Red Lion"" ist ein vollmundiger Rotwein aus der Region Mosel. Er ist ein Cuvee aus Pinot Noir-Trauben und wurde 2019 im Weingut Stairs n' Roses in Kinheim gekeltert. Der Wein hat eine tiefe, kaminrote Farbe und einen fruchtigen und reichhaltigen Geschmack, der sich mit seinen Noten von Kirsche, Brombeere und Gewürznelke perfekt mit hochwertigen, vollmundigen Speisen kombinieren lässt. Er enthält keine Sulfite und ist daher für alle geeignet.",Du bist ein Experte für Wein und sollst eine Beschreibung für Wein erstellen. Formuliere den Text verspielt. Die Beschreibung wird in einem Onlineshop genutzt. Die Beschreibung soll nicht länger als 200 Wörter sein. Es sollen nur eine Auswahl der passenden Speisen vorkommen. Nehme die Aromen und Düfte mit in die Beschreibung auf. Hier sind die Informationen zu dem Wein:,"name: 2019 Stairs n' Roses ""Red Lion"",
Herkunftsland: Deutschland,
Region: Mosel,
Anbauregion: Mosel,
Rebsorte: Pinot Noir,
Weingut: Stairs n' Roses,
Marke: Stairs n' Roses,
Produktkategorie: Rotwein,
Qualitätsstufe: QbA,
Cuvee: ,
Jahrgang: 2019,
Geschmacksrichtung: trocken,
Farbnuance: kaminrot,
Passende Speisen: hochwertige, vollmundige Speisen,
Hinweis auf Allergene: enthält Sulfite,
Hersteller: Stairs n' Roses, Julia Molitor-Justen und Dr. Daniel Molitor, In den Viermorgen 8, 54538 Kinheim,
"
https://www.vindor.de/stairs-n-roses-next-generation-qba-mosel,"Auf in die nächste Weinbau-Generation. Seit 2016 wachsen in unserem wild & strong-Weinberg anti-autoritär erzogene (wild), pilzwiderstandsfähige (strong) Reben der nächsten Generation – Cabernet blanc und Sauvignac (vormals Cal 6-04). Das Ergebnis im Glas: Ein trockenes Weinerlebnis mit harmonischer Balance zwischen exotischer Frucht und vegetabiler Würze. Für gut befunden und besiegelt durch den Fußabdruck der nächsten Winzer-Generation.","Stairs n' Roses, ""Next Generation"", QbA Mosel",Deutschland,Mosel,Mosel,"Cabernet Blanc,                                                                                                                                                                                 Sauvignac",Stairs n' Roses,Stairs n' Roses,Weißwein,QbA,"Sauvignac, Cabernet blanc",2021,trocken,helles Gelb mit grünlichen Reflexen,"0,75 l","11,5 %","7,0 g/l","7,0 g/l",8-10 °C,"würzige Speisen, asiatiscches Essen",enthält Sulfite,"Stairs n' Roses, Julia Molitor-Justen und Dr. Daniel Molitor, In den Viermorgen 8, 54538 Kinheim"," Der Stairs n' Roses, ""Next Generation"", QbA Mosel, ist ein trockener Weißwein, der 2021 in den Vier Morgen, Deutschland, hergestellt wurde. Er wurde mit Sauvignon Blanc und Cabernet Blanc gekeltert und hat ein helles Gelb mit grünen Reflexen. Sein Geschmack ist würzig, mit Aromen von Zitrusfrüchten und asiatischen Kräutern. Er passt perfekt zu würzigen Speisen wie asiatischem Essen und würzigen Gerichten. Er ist frei von Sulfiten, was ihn zu einem idealen Begleiter für Allergiker macht."," Stairs n' Roses Next Generation QbA Mosel Sauvignon Blanc 2021 ist ein trockener Weißwein mit Aromen von grünem Apfel, Zitrusfrüchten und Kräutern. Er passt hervorragend zu würzigen asiatischen Gerichten.",Du bist ein Experte für Wein und sollst eine Beschreibung für Wein erstellen. Formuliere den Text verspielt. Die Beschreibung wird in einem Onlineshop genutzt. Die Beschreibung soll nicht länger als 200 Wörter sein. Es sollen nur eine Auswahl der passenden Speisen vorkommen. Nehme die Aromen und Düfte mit in die Beschreibung auf. Hier sind die Informationen zu dem Wein:,"name: Stairs n' Roses, ""Next Generation"", QbA Mosel,
Herkunftsland: Deutschland,
Region: Mosel,
Anbauregion: Mosel,
Rebsorte: Cabernet Blanc,                                                                                                                                                                                 Sauvignac,
Weingut: Stairs n' Roses,
Marke: Stairs n' Roses,
Produktkategorie: Weißwein,
Qualitätsstufe: QbA,
Cuvee: Sauvignac, Cabernet blanc,
Jahrgang: 2021,
Geschmacksrichtung: trocken,
Farbnuance: helles Gelb mit grünlichen Reflexen,
Passende Speisen: würzige Speisen, asiatiscches Essen,
Hinweis auf Allergene: enthält Sulfite,
Hersteller: Stairs n' Roses, Julia Molitor-Justen und Dr. Daniel Molitor, In den Viermorgen 8, 54538 Kinheim,
"
https://www.vindor.de/2018-stairs-n-roses-honeymoon,"Eine Kleinigkeit zum Vernaschen – das ist das Ziel von Julia Molitor-Justen und Dr. Daniel Molitor bei der Ernte handverlesener, topgesunder, reifer Trauben für diesen besonderen edelsüßen Wein. Nach gut sechswöchiger Lagerung unter trocken-luftig-warmen Bedingungen in kleinen Kisten läuft der konzentrierte, aromatische Most wie Honig von der Presse. Das Ergebnis nach gemächlicher Gärung: eine Essenz aus Süße, Säure und Frucht.","2018 Stairs n' Roses ""Honeymoon""",Deutschland,,Mosel,"Riesling, Müller-Thurgau",Stairs n' Roses,Stairs n' Roses,Weißwein,Wein aus eingetrockneten Trauben,,2018,edelsüß,tiefes gelb,"0,375 l",9 %,"215,5 g/l","8,2 g/l",8-12 °C,"aperitiv, süße Desserts",enthält Sulfite,"Stairs n' Roses, Julia Molitor-Justen und Dr. Daniel Molitor, In den Viermorgen 8, 54538 Kinheim"," Der 2018 Stairs n' Roses ""Honeymoon"" ist ein edelsüßer Weißwein aus Deutschland mit einem tiefen gelb gefärbten Glas. Sein Geschmack ist voll und komplex, mit Aromen von Honigmelone, Pfirsich, Aprikose, Zitrusfrüchten und einem Hauch von Minze. Er passt perfekt zu Aperitifs, süßen Desserts und ist eine ausgezeichnete Wahl für alle, die auf der Suche nach einem einladenden und erfrischenden Getränk sind."," Der 2018 Stairs n' Roses ""Honeymoon"" ist ein klassischer Weißwein, der mit seinen Aromen von Honig und frischen Zitrusfrüchten zu einem perfekten Aperitif oder zu süßen Desserts passt. Seine tiefgelbe Farbe und sein frischer, süßer Geschmack machen ihn zu einem idealen Begleiter für alle Gelegenheiten.",Du bist ein Experte für Wein und sollst eine Beschreibung für Wein erstellen. Formuliere den Text verspielt. Die Beschreibung wird in einem Onlineshop genutzt. Die Beschreibung soll nicht länger als 200 Wörter sein. Es sollen nur eine Auswahl der passenden Speisen vorkommen. Nehme die Aromen und Düfte mit in die Beschreibung auf. Hier sind die Informationen zu dem Wein:,"name: 2018 Stairs n' Roses ""Honeymoon"",
Herkunftsland: Deutschland,
Region: ,
Anbauregion: Mosel,
Rebsorte: Riesling, Müller-Thurgau,
Weingut: Stairs n' Roses,
Marke: Stairs n' Roses,
Produktkategorie: Weißwein,
Qualitätsstufe: Wein aus eingetrockneten Trauben,
Cuvee: ,
Jahrgang: 2018,
Geschmacksrichtung: edelsüß,
Farbnuance: tiefes gelb,
Passende Speisen: aperitiv, süße Desserts,
Hinweis auf Allergene: enthält Sulfite,
Hersteller: Stairs n' Roses, Julia Molitor-Justen und Dr. Daniel Molitor, In den Viermorgen 8, 54538 Kinheim,
"